HOUR,NB_LOAD,NB_DEMAND,ISO_NE,NMISA,QUEBEC,NOVA_SCOTIA,PEI
2025-09-01 00:00,1085,1118,1,53,-472,0,133
2025-09-01 01:00,1026,1056,-26,50,-427,0,138
2025-09-01 02:00,984,1011,1,57,-392,0,124
2025-09-01 03:00,964,989,5,54,-382,0,112
2025-09-01 04:00,966,991,-37,54,-377,0,114
2025-09-01 05:00,982,1009,5,54,-412,0,111
2025-09-01 06:00,995,1024,1,60,-451,0,131
2025-09-01 07:00,1019,1051,-43,66,-501,44,143
2025-09-01 08:00,1076,1110,-44,68,-561,45,148
2025-09-01 09:00,1157,1197,-89,66,-649,89,156
2025-09-01 10:00,1244,1289,-111,52,-690,89,145
2025-09-01 11:00,1300,1347,-150,35,-740,89,145
2025-09-01 12:00,1333,1382,-146,16,-760,89,143
2025-09-01 13:00,1343,1390,-184,14,-741,89,140
2025-09-01 14:00,1337,1382,-194,12,-721,89,137
2025-09-01 15:00,1328,1373,-171,11,-720,89,133
2025-09-01 16:00,1337,1386,-148,13,-760,89,140
2025-09-01 17:00,1380,1432,-175,19,-790,90,145
2025-09-01 18:00,1401,1458,-170,30,-828,99,168
2025-09-01 19:00,1386,1445,-136,51,-833,100,186
2025-09-01 20:00,1363,1422,-97,77,-844,100,193
2025-09-01 21:00,1363,1421,-60,84,-830,98,188
2025-09-01 22:00,1302,1356,62,82,-829,45,181
2025-09-01 23:00,1200,1239,-30,73,-591,0,165
2025-09-02 00:00,1109,1143,1,69,-502,0,151
2025-09-02 01:00,1047,1078,1,57,-476,0,141
2025-09-02 02:00,1011,1040,-16,62,-432,0,136
2025-09-02 03:00,1001,1029,-20,64,-421,0,130
2025-09-02 04:00,992,1021,-23,65,-421,0,129
2025-09-02 05:00,1004,1034,1,64,-456,0,129
2025-09-02 06:00,1042,1076,1,67,-546,0,133
2025-09-02 07:00,1169,1209,-43,73,-649,44,152
2025-09-02 08:00,1282,1330,-73,80,-735,74,174
2025-09-02 09:00,1312,1367,-53,76,-838,74,167
2025-09-02 10:00,1341,1395,-74,73,-831,74,167
2025-09-02 11:00,1369,1423,-74,44,-831,74,152
2025-09-02 12:00,1390,1444,-74,27,-821,74,147
2025-09-02 13:00,1387,1440,-75,20,-816,74,148
2025-09-02 14:00,1410,1461,-114,16,-766,74,149
2025-09-02 15:00,1407,1458,-135,11,-756,74,148
2025-09-02 16:00,1426,1480,-149,20,-790,75,154
2025-09-02 17:00,1477,1538,-172,41,-840,105,168
2025-09-02 18:00,1485,1551,-89,59,-863,106,189
2025-09-02 19:00,1447,1512,-111,74,-879,106,199
2025-09-02 20:00,1401,1463,-83,88,-880,106,197
2025-09-02 21:00,1390,1450,-34,92,-880,104,197
2025-09-02 22:00,1326,1382,98,90,-880,45,179
2025-09-02 23:00,1197,1232,-80,81,-532,0,141
2025-09-03 00:00,1099,1129,0,73,-437,0,117
2025-09-03 01:00,1037,1064,-18,67,-392,0,89
2025-09-03 02:00,1007,1033,-41,57,-302,0,84
2025-09-03 03:00,986,1011,-55,56,-291,0,86
2025-09-03 04:00,975,1002,-61,56,-291,0,95
2025-09-03 05:00,983,1011,-28,56,-326,0,104
2025-09-03 06:00,1024,1054,-22,59,-416,0,110
2025-09-03 07:00,1142,1175,-67,66,-516,0,135
2025-09-03 08:00,1259,1301,-42,78,-669,0,150
2025-09-03 09:00,1288,1335,-23,70,-763,0,164
2025-09-03 10:00,1311,1362,-43,56,-770,44,160
2025-09-03 11:00,1333,1385,-54,31,-761,44,157
2025-09-03 12:00,1347,1399,-73,17,-751,44,146
2025-09-03 13:00,1346,1397,-62,6,-736,44,144
2025-09-03 14:00,1364,1412,-94,5,-706,44,148
2025-09-03 15:00,1366,1413,-99,10,-705,44,139
2025-09-03 16:00,1379,1428,-95,16,-725,44,137
2025-09-03 17:00,1415,1467,-150,30,-726,44,160
2025-09-03 18:00,1426,1481,-137,56,-743,44,180
2025-09-03 19:00,1405,1456,-163,69,-694,44,190
2025-09-03 20:00,1377,1437,31,81,-879,44,188
2025-09-03 21:00,1374,1434,66,86,-877,44,175
2025-09-03 22:00,1303,1342,-133,83,-561,0,164
2025-09-03 23:00,1208,1242,-48,75,-525,0,134
2025-09-04 00:00,1125,1154,-52,67,-392,0,107
2025-09-04 01:00,1055,1081,-60,63,-332,0,96
2025-09-04 02:00,1023,1048,-44,65,-287,0,79
2025-09-04 03:00,1003,1028,-76,62,-277,0,82
2025-09-04 04:00,990,1015,-53,62,-291,0,83
2025-09-04 05:00,996,1021,-36,61,-291,0,86
2025-09-04 06:00,1033,1061,-63,63,-361,0,93
2025-09-04 07:00,1158,1191,-31,84,-511,0,117
2025-09-04 08:00,1291,1330,-111,90,-610,0,133
2025-09-04 09:00,1312,1356,-86,79,-665,0,148
2025-09-04 10:00,1317,1363,-59,67,-715,0,139
2025-09-04 11:00,1335,1381,-61,48,-720,0,145
2025-09-04 12:00,1355,1401,-92,35,-726,0,141
2025-09-04 13:00,1354,1401,-67,21,-726,0,137
2025-09-04 14:00,1376,1423,-85,16,-721,3,137
2025-09-04 15:00,1374,1424,-189,22,-731,71,137
2025-09-04 16:00,1391,1444,-165,28,-757,75,149
2025-09-04 17:00,1427,1483,-249,35,-761,89,163
2025-09-04 18:00,1428,1486,-250,54,-764,98,192
2025-09-04 19:00,1403,1465,-98,80,-849,45,207
2025-09-04 20:00,1367,1425,-20,92,-859,0,214
2025-09-04 21:00,1367,1424,60,92,-850,0,202
2025-09-04 22:00,1310,1359,30,75,-794,0,169
2025-09-04 23:00,1210,1248,-70,68,-572,0,145
2025-09-05 00:00,1120,1152,-25,66,-462,0,121
2025-09-05 01:00,1051,1081,-59,61,-342,0,96
2025-09-05 02:00,1024,1051,-36,61,-302,0,94
2025-09-05 03:00,1002,1031,-73,58,-257,0,93
2025-09-05 04:00,983,1011,-80,49,-262,0,94
2025-09-05 05:00,987,1015,-25,49,-291,0,100
2025-09-05 06:00,1026,1055,0,53,-391,0,103
2025-09-05 07:00,1150,1184,-21,57,-501,0,131
2025-09-05 08:00,1275,1316,0,61,-614,0,145
2025-09-05 09:00,1309,1355,-38,63,-715,43,146
2025-09-05 10:00,1344,1404,143,65,-919,44,154
2025-09-05 11:00,1355,1403,-69,61,-741,44,154
2025-09-05 12:00,1362,1410,-102,56,-741,44,134
2025-09-05 13:00,1357,1404,-45,52,-731,44,122
2025-09-05 14:00,1366,1411,-56,56,-691,45,124
2025-09-05 15:00,1356,1401,-89,55,-701,89,104
2025-09-05 16:00,1356,1401,-115,55,-710,119,106
2025-09-05 17:00,1381,1441,86,57,-909,119,89
2025-09-05 18:00,1368,1432,136,58,-910,119,116
2025-09-05 19:00,1331,1393,144,54,-877,119,119
2025-09-05 20:00,1296,1354,126,79,-899,119,143
2025-09-05 21:00,1286,1342,212,77,-877,75,144
2025-09-05 22:00,1238,1288,200,65,-762,49,114
2025-09-05 23:00,1167,1209,118,56,-570,1,105
2025-09-06 00:00,1102,1136,51,48,-301,0,81
2025-09-06 01:00,1035,1065,-112,43,-162,0,58
2025-09-06 02:00,982,1011,-28,46,-122,0,55
2025-09-06 03:00,961,990,-118,45,-102,0,47
2025-09-06 04:00,950,977,2,45,-148,0,36
2025-09-06 05:00,949,976,2,45,-152,0,30
2025-09-06 06:00,966,994,-2,47,-201,0,42
2025-09-06 07:00,1009,1038,-17,48,-271,0,75
2025-09-06 08:00,1072,1101,-18,49,-361,0,95
2025-09-06 09:00,1155,1188,-19,55,-446,0,103
2025-09-06 10:00,1237,1292,263,48,-875,0,102
2025-09-06 11:00,1287,1344,183,49,-881,0,95
2025-09-06 12:00,1312,1370,168,43,-892,0,89
2025-09-06 13:00,1324,1383,226,34,-883,0,79
2025-09-06 14:00,1333,1395,290,33,-889,0,71
2025-09-06 15:00,1318,1379,279,37,-879,0,68
2025-09-06 16:00,1315,1377,273,36,-871,0,90
2025-09-06 17:00,1334,1394,332,55,-855,0,64
2025-09-06 18:00,1331,1391,292,67,-865,0,108
2025-09-06 19:00,1306,1367,291,63,-865,0,115
2025-09-06 20:00,1282,1340,284,61,-858,0,109
2025-09-06 21:00,1266,1322,285,62,-826,0,120
2025-09-06 22:00,1208,1257,290,73,-742,0,102
2025-09-06 23:00,1149,1192,221,69,-672,0,74
2025-09-07 00:00,1084,1124,274,55,-592,0,51
2025-09-07 01:00,1035,1072,236,60,-527,0,69
2025-09-07 02:00,1006,1038,77,56,-388,0,65
2025-09-07 03:00,997,1024,-36,57,-227,0,74
2025-09-07 04:00,977,1003,-66,53,-227,0,81
2025-09-07 05:00,971,996,-120,52,-276,0,85
2025-09-07 06:00,976,1003,-75,50,-336,0,101
2025-09-07 07:00,1004,1034,-53,52,-411,0,117
2025-09-07 08:00,1053,1086,-55,57,-473,24,146
2025-09-07 09:00,1138,1176,-143,57,-516,49,149
2025-09-07 10:00,1215,1261,-187,60,-619,74,160
2025-09-07 11:00,1260,1309,-215,59,-665,74,170
2025-09-07 12:00,1302,1363,-23,49,-892,74,165
2025-09-07 13:00,1317,1379,-65,50,-893,74,184
2025-09-07 14:00,1310,1360,-308,44,-631,75,171
2025-09-07 15:00,1297,1347,-312,36,-616,109,179
2025-09-07 16:00,1303,1354,-308,35,-630,110,188
2025-09-07 17:00,1333,1386,-379,39,-630,109,198
2025-09-07 18:00,1339,1390,-257,44,-632,80,210
2025-09-07 19:00,1331,1381,-225,55,-627,80,206
2025-09-07 20:00,1336,1387,-236,66,-626,79,201
2025-09-07 21:00,1325,1376,-224,74,-719,75,202
2025-09-07 22:00,1255,1298,-197,75,-627,73,187
2025-09-07 23:00,1161,1196,-48,67,-572,1,126
2025-09-08 00:00,1074,1105,-33,57,-462,0,128
2025-09-08 01:00,1009,1036,-15,53,-344,0,100
2025-09-08 02:00,980,1006,-25,40,-279,0,86
2025-09-08 03:00,967,994,-23,38,-243,0,81
2025-09-08 04:00,955,981,-78,35,-202,0,85
2025-09-08 05:00,959,984,-10,27,-251,0,103
2025-09-08 06:00,1007,1035,12,29,-331,2,105
2025-09-08 07:00,1151,1186,-75,34,-431,71,107
2025-09-08 08:00,1272,1314,-166,43,-531,74,124
2025-09-08 09:00,1311,1356,-155,35,-590,74,112
2025-09-08 10:00,1324,1373,-119,19,-640,74,141
2025-09-08 11:00,1336,1386,-132,2,-641,74,130
2025-09-08 12:00,1338,1387,-95,-6,-641,74,112
2025-09-08 13:00,1320,1367,-57,-12,-641,74,109
2025-09-08 14:00,1301,1350,-73,-14,-637,74,101
2025-09-08 15:00,1289,1338,-56,-12,-627,74,86
2025-09-08 16:00,1290,1338,-47,1,-602,62,116
2025-09-08 17:00,1321,1371,-69,-3,-636,29,150
2025-09-08 18:00,1313,1362,-51,0,-637,11,169
2025-09-08 19:00,1292,1351,38,29,-821,58,170
2025-09-08 20:00,1296,1357,121,46,-844,41,174
2025-09-08 21:00,1315,1374,57,71,-844,41,173
2025-09-08 22:00,1268,1324,140,70,-844,19,147
2025-09-08 23:00,1187,1227,-39,54,-586,73,132
2025-09-09 00:00,1100,1131,-106,43,-407,74,108
2025-09-09 01:00,1036,1065,-76,47,-352,74,86
2025-09-09 02:00,1011,1039,-91,42,-342,74,81
2025-09-09 03:00,998,1026,-178,41,-292,74,91
2025-09-09 04:00,993,1023,-161,38,-326,74,98
2025-09-09 05:00,1002,1034,-105,44,-401,74,98
2025-09-09 06:00,1050,1086,-75,54,-526,74,123
2025-09-09 07:00,1190,1235,-75,60,-689,74,144
2025-09-09 08:00,1315,1375,-106,58,-865,74,163
2025-09-09 09:00,1328,1391,-45,48,-932,51,178
2025-09-09 10:00,1320,1377,-44,32,-891,46,169
2025-09-09 11:00,1311,1365,-44,13,-841,45,151
2025-09-09 12:00,1308,1359,-44,2,-826,44,143
2025-09-09 13:00,1296,1345,-44,-4,-806,44,137
2025-09-09 14:00,1307,1356,-43,-4,-801,44,137
2025-09-09 15:00,1295,1342,0,-2,-801,1,145
2025-09-09 16:00,1294,1344,-44,2,-815,44,146
2025-09-09 17:00,1343,1399,-74,9,-865,74,158
2025-09-09 18:00,1344,1404,-75,19,-875,60,180
2025-09-09 19:00,1324,1386,-64,47,-868,47,193
2025-09-09 20:00,1327,1389,-54,63,-870,44,196
2025-09-09 21:00,1340,1398,-59,66,-870,52,187
2025-09-09 22:00,1274,1322,-43,57,-766,44,159
2025-09-09 23:00,1174,1211,1,54,-641,0,136
2025-09-10 00:00,1085,1118,1,52,-527,0,115
2025-09-10 01:00,1021,1051,-14,46,-437,0,104
2025-09-10 02:00,961,989,-67,45,-352,0,107
2025-09-10 03:00,941,968,-27,45,-337,0,107
2025-09-10 04:00,931,958,1,43,-351,0,107
2025-09-10 05:00,942,969,2,41,-401,0,105
2025-09-10 06:00,991,1021,45,40,-501,0,116
2025-09-10 07:00,1134,1174,2,44,-689,0,146
2025-09-10 08:00,1271,1325,1,50,-865,0,163
2025-09-10 09:00,1278,1334,-43,45,-890,44,154
2025-09-10 10:00,1263,1315,-43,24,-841,44,144
2025-09-10 11:00,1263,1311,-9,13,-791,24,135
2025-09-10 12:00,1257,1304,20,2,-781,0,135
2025-09-10 13:00,1243,1288,20,-6,-761,0,130
2025-09-10 14:00,1279,1325,1,-7,-761,0,137
2025-09-10 15:00,1288,1335,-26,-5,-761,0,132
2025-09-10 16:00,1302,1352,-9,7,-796,6,143
2025-09-10 17:00,1338,1397,-84,15,-806,74,164
2025-09-10 18:00,1350,1412,-181,25,-817,50,189
2025-09-10 19:00,1330,1392,-187,50,-840,49,189
2025-09-10 20:00,1325,1386,-138,63,-855,47,193
2025-09-10 21:00,1331,1390,-206,70,-816,72,177
2025-09-10 22:00,1267,1316,-99,68,-726,1,146
2025-09-10 23:00,1176,1218,-101,73,-641,0,128
2025-09-11 00:00,1081,1123,-52,72,-596,0,105
2025-09-11 01:00,1025,1064,-13,63,-587,0,103
2025-09-11 02:00,1000,1038,-5,58,-547,0,98
2025-09-11 03:00,981,1018,-46,54,-566,0,104
2025-09-11 04:00,981,1016,-13,55,-582,0,111
2025-09-11 05:00,989,1023,2,52,-572,0,117
2025-09-11 06:00,1015,1053,27,55,-705,0,134
2025-09-11 07:00,1139,1185,27,57,-815,0,158
2025-09-11 08:00,1239,1298,-10,57,-883,0,180
2025-09-11 09:00,1275,1336,1,50,-879,0,180
2025-09-11 10:00,1280,1340,2,49,-881,0,171
2025-09-11 11:00,1293,1352,2,35,-885,0,174
2025-09-11 12:00,1312,1369,2,22,-846,0,158
2025-09-11 13:00,1294,1349,2,8,-826,0,149
2025-09-11 14:00,1297,1350,2,2,-821,0,149
2025-09-11 15:00,1275,1327,2,7,-811,0,137
2025-09-11 16:00,1279,1328,26,8,-845,0,133
2025-09-11 17:00,1306,1359,63,13,-845,0,146
2025-09-11 18:00,1292,1350,71,24,-845,29,140
2025-09-11 19:00,1271,1333,52,39,-845,29,152
2025-09-11 20:00,1278,1335,60,57,-816,0,171
2025-09-11 21:00,1280,1339,77,65,-825,0,165
2025-09-11 22:00,1224,1275,66,62,-726,0,151
2025-09-11 23:00,1136,1174,115,53,-626,0,122
2025-09-12 00:00,1053,1089,256,37,-567,0,2
2025-09-12 01:00,991,1025,213,38,-522,0,0
2025-09-12 02:00,971,1000,92,35,-347,0,-9
2025-09-12 03:00,968,999,87,38,-327,0,0
2025-09-12 04:00,964,997,121,36,-327,0,10
2025-09-12 05:00,987,1020,152,34,-361,0,10
2025-09-12 06:00,1029,1066,183,34,-441,0,5
2025-09-12 07:00,1157,1202,159,37,-590,0,21
2025-09-12 08:00,1281,1330,69,38,-640,0,44
2025-09-12 09:00,1312,1357,18,27,-641,0,47
2025-09-12 10:00,1305,1348,44,13,-616,0,36
2025-09-12 11:00,1308,1351,75,-9,-640,0,29
2025-09-12 12:00,1297,1340,53,-15,-641,0,51
2025-09-12 13:00,1281,1322,2,-6,-641,0,54
2025-09-12 14:00,1277,1319,-12,-7,-641,0,53
2025-09-12 15:00,1260,1301,-7,-7,-656,0,77
2025-09-12 16:00,1261,1305,1,-3,-705,0,98
2025-09-12 17:00,1290,1339,0,5,-780,0,133
2025-09-12 18:00,1289,1340,-70,16,-756,44,154
2025-09-12 19:00,1268,1319,-45,48,-790,44,178
2025-09-12 20:00,1249,1298,-63,66,-771,44,175
2025-09-12 21:00,1258,1312,18,78,-849,45,171
2025-09-12 22:00,1207,1251,-98,74,-711,75,165
2025-09-12 23:00,1144,1184,-151,70,-606,121,146
2025-09-13 00:00,1077,1113,-75,65,-552,76,131
2025-09-13 01:00,1025,1056,-17,60,-561,50,126
2025-09-13 02:00,988,1019,-15,59,-552,50,122
2025-09-13 03:00,971,1001,-14,57,-590,50,124
2025-09-13 04:00,976,1005,-10,56,-620,50,124
2025-09-13 05:00,985,1014,-4,54,-645,50,124
2025-09-13 06:00,1009,1041,-16,54,-690,50,128
2025-09-13 07:00,1052,1087,-23,54,-765,51,136
2025-09-13 08:00,1124,1166,-92,57,-875,99,150
2025-09-13 09:00,1201,1246,-199,61,-875,124,154
2025-09-13 10:00,1248,1297,-292,55,-875,149,158
2025-09-13 11:00,1268,1316,-288,43,-875,145,159
2025-09-13 12:00,1269,1317,-236,29,-875,149,146
2025-09-13 13:00,1257,1304,-230,25,-875,149,134
2025-09-13 14:00,1238,1285,-186,21,-875,149,125
2025-09-13 15:00,1219,1262,-133,26,-869,125,114
2025-09-13 16:00,1202,1245,-136,28,-849,125,110
2025-09-13 17:00,1221,1267,-191,32,-849,149,128
2025-09-13 18:00,1229,1276,-224,40,-849,150,147
2025-09-13 19:00,1217,1265,-240,48,-850,174,158
2025-09-13 20:00,1224,1271,-236,67,-865,175,162
2025-09-13 21:00,1232,1280,-177,71,-866,171,152
2025-09-13 22:00,1173,1212,-100,65,-696,102,139
2025-09-13 23:00,1122,1157,49,61,-652,50,113
2025-09-14 00:00,1067,1098,61,56,-552,45,92
2025-09-14 01:00,1017,1047,67,51,-537,44,94
2025-09-14 02:00,981,1009,67,47,-527,44,85
2025-09-14 03:00,961,987,66,41,-512,44,71
2025-09-14 04:00,955,980,64,40,-487,44,68
2025-09-14 05:00,953,978,52,46,-501,44,74
2025-09-14 06:00,963,990,57,48,-522,45,86
2025-09-14 07:00,994,1025,19,51,-576,74,103
2025-09-14 08:00,1045,1078,-35,54,-626,105,117
2025-09-14 09:00,1134,1171,-42,55,-716,106,121
2025-09-14 10:00,1205,1253,-72,55,-782,133,118
2025-09-14 11:00,1237,1286,-92,49,-774,118,133
2025-09-14 12:00,1257,1305,-123,40,-774,148,125
2025-09-14 13:00,1259,1305,-93,34,-774,111,122
2025-09-14 14:00,1258,1304,-114,30,-774,124,115
2025-09-14 15:00,1249,1294,-104,31,-768,125,121
2025-09-14 16:00,1250,1297,-93,27,-768,125,124
2025-09-14 17:00,1280,1332,-99,27,-767,125,141
2025-09-14 18:00,1291,1349,-125,31,-768,149,167
2025-09-14 19:00,1286,1343,-152,42,-767,149,175
2025-09-14 20:00,1298,1358,-154,61,-768,149,188
2025-09-14 21:00,1306,1363,-199,70,-776,125,184
2025-09-14 22:00,1245,1297,-111,65,-776,123,182
2025-09-14 23:00,1145,1187,-42,59,-702,75,155
2025-09-15 00:00,1058,1091,-16,52,-617,45,130
2025-09-15 01:00,1016,1045,1,48,-577,44,123
2025-09-15 02:00,984,1011,6,50,-522,44,120
2025-09-15 03:00,965,992,-1,49,-502,44,115
2025-09-15 04:00,959,985,-3,51,-512,44,102
2025-09-15 05:00,977,1003,-8,51,-502,44,97
2025-09-15 06:00,1019,1049,-7,53,-551,45,102
2025-09-15 07:00,1158,1200,-38,59,-719,74,128
2025-09-15 08:00,1295,1346,-129,67,-769,105,143
2025-09-15 09:00,1322,1376,-155,65,-789,132,145
2025-09-15 10:00,1318,1372,-165,55,-791,133,133
2025-09-15 11:00,1322,1376,-135,32,-791,133,123
2025-09-15 12:00,1328,1381,-135,18,-766,133,125
2025-09-15 13:00,1312,1363,-135,4,-751,133,119
2025-09-15 14:00,1320,1373,-135,4,-761,133,123
2025-09-15 15:00,1307,1360,-135,-1,-772,133,124
2025-09-15 16:00,1325,1380,-135,-5,-780,133,137
2025-09-15 17:00,1353,1407,-176,4,-780,133,156
2025-09-15 18:00,1351,1412,-205,17,-784,133,181
2025-09-15 19:00,1327,1390,-193,37,-785,133,184
2025-09-15 20:00,1317,1381,-190,67,-799,134,192
2025-09-15 21:00,1320,1382,-189,75,-799,134,193
2025-09-15 22:00,1239,1290,-159,72,-726,131,188
2025-09-15 23:00,1144,1184,-78,66,-611,60,170
2025-09-16 00:00,1073,1106,39,58,-527,1,141
2025-09-16 01:00,1011,1043,72,57,-527,0,134
2025-09-16 02:00,987,1016,79,57,-541,0,126
2025-09-16 03:00,968,995,79,55,-522,0,105
2025-09-16 04:00,963,989,77,54,-522,0,99
2025-09-16 05:00,974,1001,27,54,-517,0,92
2025-09-16 06:00,1028,1060,53,54,-639,0,103
2025-09-16 07:00,1159,1202,74,59,-790,1,137
2025-09-16 08:00,1276,1329,-119,66,-799,74,155
2025-09-16 09:00,1297,1354,-201,69,-800,147,152
2025-09-16 10:00,1295,1351,-160,54,-800,149,139
2025-09-16 11:00,1298,1353,-152,37,-800,149,121
2025-09-16 12:00,1307,1358,-149,15,-800,149,114
2025-09-16 13:00,1292,1344,-151,12,-785,149,128
2025-09-16 14:00,1310,1362,-151,11,-794,149,92
2025-09-16 15:00,1308,1361,-141,10,-794,149,102
2025-09-16 16:00,1321,1377,-151,11,-794,149,114
2025-09-16 17:00,1359,1419,-163,14,-794,149,142
2025-09-16 18:00,1357,1425,-158,23,-884,149,167
2025-09-16 19:00,1335,1403,-171,42,-885,149,179
2025-09-16 20:00,1324,1392,-153,64,-885,149,184
2025-09-16 21:00,1335,1403,-163,79,-885,149,185
2025-09-16 22:00,1270,1330,-179,75,-841,149,178
2025-09-16 23:00,1173,1220,-150,71,-726,147,155
2025-09-17 00:00,1077,1113,-74,66,-616,75,145
2025-09-17 01:00,1013,1042,14,62,-542,1,136
2025-09-17 02:00,984,1011,31,53,-536,0,122
2025-09-17 03:00,973,998,37,51,-517,0,115
2025-09-17 04:00,966,992,49,49,-517,0,111
2025-09-17 05:00,971,998,43,49,-551,0,106
2025-09-17 06:00,1010,1042,70,56,-639,0,114
2025-09-17 07:00,1152,1191,83,63,-765,1,136
2025-09-17 08:00,1294,1346,-72,72,-914,74,141
2025-09-17 09:00,1317,1370,-125,73,-915,123,134
2025-09-17 10:00,1312,1363,-125,60,-930,124,114
2025-09-17 11:00,1306,1355,-51,30,-910,119,104
2025-09-17 12:00,1323,1372,-18,-1,-890,100,93
2025-09-17 13:00,1319,1369,-41,-10,-883,100,90
2025-09-17 14:00,1335,1386,-42,-11,-879,100,94
2025-09-17 15:00,1335,1385,-61,-11,-869,100,97
2025-09-17 16:00,1345,1394,-102,-3,-890,100,107
2025-09-17 17:00,1384,1435,-176,9,-870,129,126
2025-09-17 18:00,1389,1442,-151,29,-870,130,119
2025-09-17 19:00,1356,1411,-162,57,-869,130,89
2025-09-17 20:00,1352,1405,-160,67,-869,130,123
2025-09-17 21:00,1345,1393,-131,69,-869,128,138
2025-09-17 22:00,1260,1298,-72,61,-806,74,153
2025-09-17 23:00,1168,1200,100,55,-676,1,108
2025-09-18 00:00,1077,1106,156,43,-562,0,76
2025-09-18 01:00,1004,1035,193,39,-527,0,45
2025-09-18 02:00,985,1015,210,39,-487,0,36
2025-09-18 03:00,968,996,197,38,-476,0,37
2025-09-18 04:00,962,991,216,36,-526,0,39
2025-09-18 05:00,963,991,197,37,-517,0,48
2025-09-18 06:00,1004,1037,233,51,-629,0,56
2025-09-18 07:00,1137,1177,204,57,-830,0,86
2025-09-18 08:00,1272,1319,169,68,-929,0,104
2025-09-18 09:00,1299,1349,152,58,-930,0,84
2025-09-18 10:00,1307,1357,170,41,-930,0,78
2025-09-18 11:00,1318,1367,154,24,-920,0,77
2025-09-18 12:00,1321,1369,123,17,-916,0,85
2025-09-18 13:00,1304,1351,65,13,-866,44,86
2025-09-18 14:00,1312,1360,73,11,-856,44,89
2025-09-18 15:00,1304,1352,51,10,-855,44,93
2025-09-18 16:00,1314,1364,100,11,-854,44,82
2025-09-18 17:00,1354,1404,16,13,-863,45,86
2025-09-18 18:00,1352,1403,4,17,-874,79,98
2025-09-18 19:00,1320,1371,-50,41,-876,80,123
2025-09-18 20:00,1319,1368,-44,71,-874,80,119
2025-09-18 21:00,1326,1372,-55,80,-874,79,139
2025-09-18 22:00,1263,1309,92,76,-870,35,117
2025-09-18 23:00,1171,1210,125,70,-756,0,88
2025-09-19 00:00,1046,1079,140,48,-697,0,76
2025-09-19 01:00,982,1012,109,45,-657,0,53
2025-09-19 02:00,974,1002,125,39,-622,0,78
2025-09-19 03:00,975,1003,121,43,-592,0,80
2025-09-19 04:00,964,992,129,42,-592,0,85
2025-09-19 05:00,952,979,141,43,-626,0,68
2025-09-19 06:00,967,996,87,44,-690,0,88
2025-09-19 07:00,1088,1124,123,49,-855,0,109
2025-09-19 08:00,1204,1244,16,56,-855,0,124
2025-09-19 09:00,1250,1294,2,58,-855,0,118
2025-09-19 10:00,1312,1359,-4,50,-855,0,149
2025-09-19 11:00,1329,1377,-17,27,-836,0,140
2025-09-19 12:00,1334,1380,-134,11,-791,0,144
2025-09-19 13:00,1315,1365,-56,3,-855,44,139
2025-09-19 14:00,1318,1370,-56,0,-870,44,145
2025-09-19 15:00,1305,1356,-37,0,-816,24,136
2025-09-19 16:00,1286,1336,1,-9,-816,0,141
2025-09-19 17:00,1273,1326,2,-5,-855,0,136
2025-09-19 18:00,1273,1327,1,2,-831,0,141
2025-09-19 19:00,1250,1299,-20,23,-781,0,144
2025-09-19 20:00,1247,1293,0,54,-756,0,153
2025-09-19 21:00,1233,1272,-33,60,-706,0,139
2025-09-19 22:00,1175,1211,2,55,-641,0,91
2025-09-19 23:00,1115,1146,82,46,-577,0,31
2025-09-20 00:00,1051,1083,162,40,-537,0,18
2025-09-20 01:00,996,1028,177,35,-497,0,4
2025-09-20 02:00,969,1000,171,45,-486,0,0
2025-09-20 03:00,958,988,209,49,-486,0,-2
2025-09-20 04:00,956,986,229,37,-486,0,-14
2025-09-20 05:00,980,1013,255,30,-526,0,-16
2025-09-20 06:00,1002,1038,234,36,-614,0,-13
2025-09-20 07:00,1061,1099,213,39,-690,0,16
2025-09-20 08:00,1140,1182,205,37,-765,0,38
2025-09-20 09:00,1229,1275,146,42,-840,44,53
2025-09-20 10:00,1274,1323,158,24,-860,45,42
2025-09-20 11:00,1281,1330,152,4,-851,59,20
2025-09-20 12:00,1272,1324,185,-11,-851,59,-4
2025-09-20 13:00,1250,1299,234,-21,-811,45,-7
2025-09-20 14:00,1221,1267,190,-26,-771,44,4
2025-09-20 15:00,1195,1240,254,-26,-765,0,8
2025-09-20 16:00,1188,1233,285,-27,-725,0,4
2025-09-20 17:00,1208,1252,269,-22,-744,0,9
2025-09-20 18:00,1224,1269,267,-10,-799,0,31
2025-09-20 19:00,1230,1274,190,16,-816,0,61
2025-09-20 20:00,1248,1294,189,54,-874,0,48
2025-09-20 21:00,1251,1295,148,68,-874,0,51
2025-09-20 22:00,1205,1246,149,68,-791,0,31
2025-09-20 23:00,1143,1183,212,58,-762,0,-4
2025-09-21 00:00,1077,1113,210,58,-677,0,0
2025-09-21 01:00,1036,1067,209,50,-577,0,2
2025-09-21 02:00,1024,1055,197,45,-577,0,-8
2025-09-21 03:00,1016,1045,147,45,-606,0,25
2025-09-21 04:00,1020,1048,132,49,-587,0,20
2025-09-21 05:00,1029,1060,109,56,-676,0,45
2025-09-21 06:00,1050,1083,63,61,-765,1,70
2025-09-21 07:00,1107,1146,7,65,-835,73,71
2025-09-21 08:00,1173,1219,0,71,-918,74,91
2025-09-21 09:00,1252,1301,-73,69,-919,74,124
2025-09-21 10:00,1296,1347,-74,53,-919,74,127
2025-09-21 11:00,1294,1345,-75,29,-911,75,127
2025-09-21 12:00,1285,1334,-89,14,-900,99,110
2025-09-21 13:00,1267,1316,-55,4,-898,100,102
2025-09-21 14:00,1244,1289,-32,1,-856,100,97
2025-09-21 15:00,1222,1264,-21,-5,-821,100,92
2025-09-21 16:00,1214,1255,-20,-8,-825,100,81
2025-09-21 17:00,1250,1295,-60,-1,-855,120,97
2025-09-21 18:00,1281,1331,-128,12,-880,149,135
2025-09-21 19:00,1284,1333,-151,33,-880,149,154
2025-09-21 20:00,1297,1346,-151,69,-890,149,155
2025-09-21 21:00,1293,1340,-148,70,-885,148,118
2025-09-21 22:00,1226,1269,21,61,-846,90,108
2025-09-21 23:00,1135,1173,135,49,-791,45,73
2025-09-22 00:00,1053,1089,244,32,-641,1,33
2025-09-22 01:00,1008,1043,222,34,-665,40,18
2025-09-22 02:00,987,1020,236,33,-641,40,20
2025-09-22 03:00,987,1018,213,30,-631,40,29
2025-09-22 04:00,992,1023,164,34,-641,40,38
2025-09-22 05:00,1014,1046,171,52,-690,40,42
2025-09-22 06:00,1073,1111,167,66,-820,40,60
2025-09-22 07:00,1234,1278,112,61,-879,41,92
2025-09-22 08:00,1375,1424,-45,67,-899,45,94
2025-09-22 09:00,1384,1436,-75,77,-900,74,93
2025-09-22 10:00,1361,1411,-111,58,-900,99,99
2025-09-22 11:00,1350,1386,-349,41,-660,100,110
2025-09-22 12:00,1336,1371,-289,24,-640,100,99
2025-09-22 13:00,1307,1347,-200,16,-751,104,87
2025-09-22 14:00,1306,1355,-146,13,-875,164,84
2025-09-22 15:00,1297,1344,-126,16,-876,166,83
2025-09-22 16:00,1292,1340,-143,21,-870,165,85
2025-09-22 17:00,1320,1369,-147,28,-830,135,107
2025-09-22 18:00,1330,1381,-172,37,-829,135,140
2025-09-22 19:00,1314,1364,-190,52,-829,136,144
2025-09-22 20:00,1318,1367,-208,71,-849,136,141
2025-09-22 21:00,1299,1347,-238,77,-840,180,149
2025-09-22 22:00,1225,1269,-74,65,-840,121,101
2025-09-22 23:00,1139,1183,131,54,-840,97,84
2025-09-23 00:00,1063,1106,193,49,-816,96,62
2025-09-23 01:00,1006,1045,194,51,-752,96,55
2025-09-23 02:00,984,1018,190,46,-691,96,55
2025-09-23 03:00,970,1004,206,39,-666,96,48
2025-09-23 04:00,966,1000,168,48,-666,96,61
2025-09-23 05:00,982,1017,139,49,-671,96,60
2025-09-23 06:00,1012,1049,135,52,-705,96,78
2025-09-23 07:00,1148,1192,39,56,-839,96,106
2025-09-23 08:00,1273,1321,-115,63,-850,74,120
2025-09-23 09:00,1304,1357,-95,66,-850,45,127
2025-09-23 10:00,1305,1358,-147,62,-850,44,122
2025-09-23 11:00,1301,1356,-139,56,-850,44,117
2025-09-23 12:00,1311,1368,-167,52,-850,44,134
2025-09-23 13:00,1297,1353,-126,50,-850,44,137
2025-09-23 14:00,1299,1355,-167,46,-850,44,151
2025-09-23 15:00,1299,1352,-165,46,-850,45,158
2025-09-23 16:00,1301,1354,-177,45,-850,90,166
2025-09-23 17:00,1332,1390,-285,47,-850,148,188
2025-09-23 18:00,1342,1402,-289,50,-850,149,205
2025-09-23 19:00,1327,1387,-274,56,-850,149,206
2025-09-23 20:00,1338,1399,-252,66,-840,150,203
2025-09-23 21:00,1329,1389,-227,61,-839,179,181
2025-09-23 22:00,1258,1315,-175,68,-839,179,169
2025-09-23 23:00,1170,1223,-33,64,-840,170,131
2025-09-24 00:00,1088,1133,47,62,-741,98,115
2025-09-24 01:00,1021,1061,87,62,-691,73,90
2025-09-24 02:00,992,1027,81,47,-671,73,82
2025-09-24 03:00,968,1000,83,53,-616,73,81
2025-09-24 04:00,954,984,68,55,-591,73,89
2025-09-24 05:00,963,994,64,55,-615,73,82
2025-09-24 06:00,1004,1037,59,59,-665,73,82
2025-09-24 07:00,1145,1190,56,62,-815,73,107
2025-09-24 08:00,1266,1320,-49,69,-839,73,127
2025-09-24 09:00,1284,1340,-14,69,-859,73,139
2025-09-24 10:00,1280,1335,-13,60,-860,73,124
2025-09-24 11:00,1298,1352,1,49,-860,73,118
2025-09-24 12:00,1311,1364,2,35,-860,73,102
2025-09-24 13:00,1294,1347,13,20,-860,73,93
2025-09-24 14:00,1299,1352,9,14,-860,73,104
2025-09-24 15:00,1270,1323,8,12,-860,73,100
2025-09-24 16:00,1266,1320,1,12,-860,73,123
2025-09-24 17:00,1301,1358,-39,25,-860,72,143
2025-09-24 18:00,1319,1378,-74,34,-860,51,170
2025-09-24 19:00,1307,1367,-107,47,-860,75,175
2025-09-24 20:00,1317,1380,-190,71,-850,123,183
2025-09-24 21:00,1307,1368,-191,78,-850,125,184
2025-09-24 22:00,1253,1314,-131,78,-870,148,183
2025-09-24 23:00,1165,1223,-109,75,-850,180,164
2025-09-25 00:00,1082,1135,39,71,-866,133,145
2025-09-25 01:00,1019,1065,47,66,-806,132,129
2025-09-25 02:00,997,1037,46,60,-791,132,123
2025-09-25 03:00,991,1030,24,58,-771,132,128
2025-09-25 04:00,990,1028,24,56,-765,132,127
2025-09-25 05:00,1015,1053,23,57,-771,132,121
2025-09-25 06:00,1067,1112,-7,61,-780,176,128
2025-09-25 07:00,1209,1266,-127,62,-869,203,150
2025-09-25 08:00,1333,1396,-224,69,-879,173,172
2025-09-25 09:00,1311,1371,-254,64,-879,148,157
2025-09-25 10:00,1294,1353,-226,54,-879,148,154
2025-09-25 11:00,1283,1341,-238,41,-879,158,137
2025-09-25 12:00,1268,1326,-194,40,-860,154,134
2025-09-25 13:00,1248,1305,-189,37,-850,153,128
2025-09-25 14:00,1256,1310,-139,35,-848,148,126
2025-09-25 15:00,1239,1290,-99,34,-857,142,124
2025-09-25 16:00,1241,1293,-80,40,-858,119,130
2025-09-25 17:00,1274,1329,-105,47,-858,146,150
2025-09-25 18:00,1305,1362,-114,54,-858,123,163
2025-09-25 19:00,1322,1380,-91,59,-858,122,162
2025-09-25 20:00,1333,1390,-103,58,-860,122,153
2025-09-25 21:00,1315,1367,-63,55,-859,117,134
2025-09-25 22:00,1248,1299,3,53,-859,131,118
2025-09-25 23:00,1163,1213,141,37,-841,132,127
2025-09-26 00:00,1085,1128,171,29,-761,130,76
2025-09-26 01:00,1027,1068,251,26,-736,69,38
2025-09-26 02:00,998,1034,246,36,-652,68,23
2025-09-26 03:00,975,1010,268,40,-627,68,23
2025-09-26 04:00,959,994,287,46,-626,68,-12
2025-09-26 05:00,970,1004,277,55,-592,68,-21
2025-09-26 06:00,999,1035,261,64,-675,68,-20
2025-09-26 07:00,1103,1144,243,66,-760,68,0
2025-09-26 08:00,1230,1280,244,61,-835,68,21
2025-09-26 09:00,1282,1337,208,59,-859,68,41
2025-09-26 10:00,1307,1363,192,43,-859,68,54
2025-09-26 11:00,1328,1384,137,34,-859,68,51
2025-09-26 12:00,1326,1387,121,18,-859,86,47
2025-09-26 13:00,1309,1368,89,14,-840,97,70
2025-09-26 14:00,1301,1361,46,13,-840,131,71
2025-09-26 15:00,1286,1346,42,15,-840,132,64
2025-09-26 16:00,1297,1356,2,23,-840,132,99
2025-09-26 17:00,1307,1369,-1,36,-840,132,98
2025-09-26 18:00,1298,1358,-43,33,-840,176,140
2025-09-26 19:00,1279,1336,-45,40,-840,177,124
2025-09-26 20:00,1268,1330,-104,52,-839,220,117
2025-09-26 21:00,1251,1315,-78,53,-839,221,140
2025-09-26 22:00,1192,1250,11,56,-851,177,133
2025-09-26 23:00,1138,1191,100,53,-756,132,116
2025-09-27 00:00,1063,1108,113,44,-666,97,91
2025-09-27 01:00,1001,1038,109,43,-621,80,80
2025-09-27 02:00,972,1008,173,44,-592,70,68
2025-09-27 03:00,946,982,154,47,-567,70,72
2025-09-27 04:00,934,968,173,43,-552,70,68
2025-09-27 05:00,946,980,177,42,-527,70,48
2025-09-27 06:00,960,999,234,40,-590,70,40
2025-09-27 07:00,1002,1045,249,40,-665,70,39
2025-09-27 08:00,1061,1105,229,41,-666,71,65
2025-09-27 09:00,1149,1199,279,40,-765,130,23
2025-09-27 10:00,1215,1271,287,21,-815,132,28
2025-09-27 11:00,1239,1298,284,7,-830,132,21
2025-09-27 12:00,1248,1304,281,-14,-816,132,4
2025-09-27 13:00,1238,1296,265,-18,-816,132,8
2025-09-27 14:00,1217,1272,215,-8,-796,132,21
2025-09-27 15:00,1203,1255,173,5,-786,132,42
2025-09-27 16:00,1200,1254,146,7,-810,132,62
2025-09-27 17:00,1222,1282,96,16,-825,176,86
2025-09-27 18:00,1236,1298,32,31,-825,206,118
2025-09-27 19:00,1231,1292,-87,50,-829,221,149
2025-09-27 20:00,1239,1302,-96,77,-829,221,175
2025-09-27 21:00,1224,1286,-77,76,-828,209,180
2025-09-27 22:00,1174,1230,-64,74,-816,206,167
2025-09-27 23:00,1124,1176,-6,66,-791,176,154
2025-09-28 00:00,1068,1114,48,62,-711,132,142
2025-09-28 01:00,1025,1067,61,60,-686,90,130
2025-09-28 02:00,994,1033,46,49,-636,70,118
2025-09-28 03:00,975,1011,36,47,-616,70,124
2025-09-28 04:00,969,1004,39,53,-615,70,119
2025-09-28 05:00,972,1008,72,52,-650,70,118
2025-09-28 06:00,983,1022,127,54,-740,70,118
2025-09-28 07:00,1026,1069,155,57,-775,90,118
2025-09-28 08:00,1086,1132,134,54,-815,132,120
2025-09-28 09:00,1160,1209,61,44,-829,175,125
2025-09-28 10:00,1226,1280,122,45,-840,177,126
2025-09-28 11:00,1249,1305,147,33,-849,176,104
2025-09-28 12:00,1255,1317,175,12,-850,167,94
2025-09-28 13:00,1251,1309,203,-7,-841,167,81
2025-09-28 14:00,1238,1298,262,-19,-836,167,67
2025-09-28 15:00,1224,1283,282,-22,-821,166,50
2025-09-28 16:00,1228,1286,357,-8,-825,132,23
2025-09-28 17:00,1268,1330,350,4,-829,132,28
2025-09-28 18:00,1280,1342,303,14,-829,132,38
2025-09-28 19:00,1276,1336,241,31,-840,132,55
2025-09-28 20:00,1301,1365,258,52,-839,132,64
2025-09-28 21:00,1281,1350,182,52,-840,132,73
2025-09-28 22:00,1214,1271,142,47,-786,130,107
2025-09-28 23:00,1125,1169,160,40,-627,71,91
2025-09-29 00:00,1041,1083,153,34,-547,70,48
2025-09-29 01:00,981,1020,214,29,-502,70,36
2025-09-29 02:00,952,986,222,28,-492,70,25
2025-09-29 03:00,934,966,156,29,-467,70,35
2025-09-29 04:00,931,965,208,28,-476,70,32
2025-09-29 05:00,951,986,230,28,-516,70,13
2025-09-29 06:00,1002,1044,295,32,-689,70,17
2025-09-29 07:00,1148,1196,266,38,-790,71,42
2025-09-29 08:00,1278,1334,156,44,-849,130,77
2025-09-29 09:00,1300,1358,138,45,-869,132,62
2025-09-29 10:00,1306,1363,145,19,-870,166,34
2025-09-29 11:00,1323,1385,172,2,-840,167,32
2025-09-29 12:00,1325,1385,126,-18,-849,177,39
2025-09-29 13:00,1307,1363,50,-9,-850,205,34
2025-09-29 14:00,1298,1354,92,-3,-850,177,34
2025-09-29 15:00,1284,1339,99,-6,-850,176,32
2025-09-29 16:00,1291,1349,165,-15,-850,133,30
2025-09-29 17:00,1329,1387,90,12,-850,162,92
2025-09-29 18:00,1334,1394,3,30,-850,206,92
2025-09-29 19:00,1309,1368,-9,51,-850,207,100
2025-09-29 20:00,1315,1375,-74,81,-850,207,121
2025-09-29 21:00,1283,1345,-26,81,-859,206,118
2025-09-29 22:00,1212,1266,6,76,-818,161,99
2025-09-29 23:00,1129,1171,83,60,-685,91,76
2025-09-30 00:00,1057,1091,77,58,-585,71,67
2025-09-30 01:00,1004,1039,48,54,-604,130,87
2025-09-30 02:00,984,1019,92,44,-630,132,102
2025-09-30 03:00,973,1008,99,49,-661,132,98
2025-09-30 04:00,955,989,96,50,-662,132,94
2025-09-30 05:00,959,995,97,47,-712,132,93
2025-09-30 06:00,998,1038,99,48,-757,132,93
2025-09-30 07:00,1088,1135,83,56,-849,132,113
2025-09-30 08:00,1178,1230,-35,58,-850,176,129
2025-09-30 09:00,1243,1297,-75,62,-859,206,133
2025-09-30 10:00,1289,1346,-116,50,-859,207,122
2025-09-30 11:00,1312,1369,-76,41,-859,207,108
2025-09-30 12:00,1318,1377,-81,24,-840,207,91
2025-09-30 13:00,1299,1352,-119,20,-840,250,85
2025-09-30 14:00,1296,1350,-97,11,-840,251,94
2025-09-30 15:00,1271,1325,-9,4,-840,207,72
2025-09-30 16:00,1262,1318,-63,7,-840,207,60
2025-09-30 17:00,1302,1362,-29,10,-840,207,87
2025-09-30 18:00,1305,1363,-34,25,-840,207,100
2025-09-30 19:00,1299,1357,-74,42,-859,207,115
2025-09-30 20:00,1328,1384,-74,59,-859,207,106
2025-09-30 21:00,1301,1357,-74,60,-859,207,91
2025-09-30 22:00,1232,1284,-41,53,-859,204,49