HOUR,NB_LOAD,NB_DEMAND,ISO_NE,NMISA,QUEBEC,NOVA_SCOTIA,PEI
2025-12-01 00:00,1602,1660,171,53,-740,0,62
2025-12-01 01:00,1524,1581,236,53,-765,0,36
2025-12-01 02:00,1468,1516,230,40,-617,0,25
2025-12-01 03:00,1445,1493,204,46,-650,0,24
2025-12-01 04:00,1455,1500,147,48,-628,0,28
2025-12-01 05:00,1488,1530,71,51,-652,0,35
2025-12-01 06:00,1557,1598,-50,52,-626,0,25
2025-12-01 07:00,1732,1781,-292,59,-639,0,104
2025-12-01 08:00,1890,1954,-298,60,-839,0,129
2025-12-01 09:00,1891,1958,-321,64,-815,0,128
2025-12-01 10:00,1850,1917,-282,64,-807,0,126
2025-12-01 11:00,1795,1862,-197,43,-889,0,106
2025-12-01 12:00,1761,1824,-130,40,-860,0,103
2025-12-01 13:00,1733,1791,-107,34,-760,0,78
2025-12-01 14:00,1766,1824,-129,34,-635,0,53
2025-12-01 15:00,1760,1821,-52,36,-698,0,42
2025-12-01 16:00,1774,1866,-166,44,-669,0,48
2025-12-01 17:00,1920,1995,-146,56,-624,0,84
2025-12-01 18:00,2030,2110,-47,67,-939,0,106
2025-12-01 19:00,2030,2110,71,67,-939,0,88
2025-12-01 20:00,2032,2109,72,68,-939,0,114
2025-12-01 21:00,2027,2102,2,74,-939,0,85
2025-12-01 22:00,1989,2061,-45,78,-885,0,91
2025-12-01 23:00,1927,1991,0,72,-800,0,87
2025-12-02 00:00,1871,1928,2,69,-740,0,103
2025-12-02 01:00,1836,1894,0,67,-715,0,98
2025-12-02 02:00,1840,1913,-122,62,-978,0,101
2025-12-02 03:00,1859,1932,-197,68,-984,0,170
2025-12-02 04:00,1885,1963,-253,68,-984,0,193
2025-12-02 05:00,1936,2016,-336,70,-984,0,196
2025-12-02 06:00,2017,2101,-348,71,-999,0,218
2025-12-02 07:00,2192,2292,-398,70,-1010,22,247
2025-12-02 08:00,2337,2446,-400,86,-1024,1,268
2025-12-02 09:00,2353,2463,-400,89,-1025,1,278
2025-12-02 10:00,2334,2442,-398,93,-1025,1,278
2025-12-02 11:00,2324,2432,-324,90,-1025,0,274
2025-12-02 12:00,2310,2417,-323,78,-1025,0,273
2025-12-02 13:00,2275,2381,-345,75,-1025,0,270
2025-12-02 14:00,2268,2373,-249,76,-1025,0,264
2025-12-02 15:00,2257,2360,-199,80,-1014,0,270
2025-12-02 16:00,2271,2374,-201,85,-1014,0,283
2025-12-02 17:00,2322,2432,-343,92,-1014,22,279
2025-12-02 18:00,2331,2439,-317,99,-1014,16,278
2025-12-02 19:00,2282,2380,-288,100,-1014,12,277
2025-12-02 20:00,2246,2338,-325,99,-775,22,277
2025-12-02 21:00,2182,2267,-395,97,-774,0,264
2025-12-02 22:00,2083,2160,-345,91,-774,0,250
2025-12-02 23:00,1961,2024,-199,84,-392,0,220
2025-12-03 00:00,1873,1937,-119,75,-773,0,201
2025-12-03 01:00,1805,1868,102,68,-774,0,185
2025-12-03 02:00,1778,1847,200,65,-959,0,165
2025-12-03 03:00,1749,1816,208,65,-969,0,139
2025-12-03 04:00,1754,1821,273,65,-969,0,96
2025-12-03 05:00,1767,1835,284,67,-969,0,63
2025-12-03 06:00,1824,1893,278,76,-969,0,60
2025-12-03 07:00,1925,1991,264,82,-926,0,81
2025-12-03 08:00,2060,2133,300,86,-974,0,94
2025-12-03 09:00,2075,2135,234,88,-252,0,90
2025-12-03 10:00,2044,2105,6,86,-524,0,107
2025-12-03 11:00,2025,2101,3,79,-1013,0,139
2025-12-03 12:00,1990,2057,81,76,-825,0,124
2025-12-03 13:00,1962,2039,172,70,-1009,0,124
2025-12-03 14:00,1955,2028,174,65,-1000,0,118
2025-12-03 15:00,1945,2018,167,72,-990,0,103
2025-12-03 16:00,1980,2053,124,83,-980,0,113
2025-12-03 17:00,2080,2158,27,90,-999,0,161
2025-12-03 18:00,2132,2213,2,98,-999,0,157
2025-12-03 19:00,2109,2189,2,98,-999,0,175
2025-12-03 20:00,2100,2182,2,97,-999,0,167
2025-12-03 21:00,2077,2163,0,97,-999,0,175
2025-12-03 22:00,2042,2129,-68,93,-999,0,193
2025-12-03 23:00,1975,2057,-59,89,-999,0,206
2025-12-04 00:00,1889,1966,-41,82,-980,0,189
2025-12-04 01:00,1831,1904,78,80,-980,0,189
2025-12-04 02:00,1806,1878,82,51,-980,0,188
2025-12-04 03:00,1799,1870,129,50,-980,0,184
2025-12-04 04:00,1795,1866,146,50,-980,0,187
2025-12-04 05:00,1833,1906,163,49,-980,0,173
2025-12-04 06:00,1898,1973,155,57,-980,0,189
2025-12-04 07:00,2055,2137,92,65,-980,0,203
2025-12-04 08:00,2180,2268,3,76,-980,0,218
2025-12-04 09:00,2139,2222,2,80,-989,0,231
2025-12-04 10:00,2092,2185,4,79,-910,0,214
2025-12-04 11:00,2062,2140,138,76,-889,0,193
2025-12-04 12:00,2029,2099,220,71,-909,0,186
2025-12-04 13:00,1993,2072,145,61,-894,0,184
2025-12-04 14:00,2007,2109,3,61,-968,0,173
2025-12-04 15:00,2028,2109,-59,65,-969,0,169
2025-12-04 16:00,2056,2137,-73,54,-1024,0,170
2025-12-04 17:00,2114,2200,0,58,-1000,0,180
2025-12-04 18:00,2171,2255,15,63,-1010,0,163
2025-12-04 19:00,2167,2239,-210,66,-301,0,214
2025-12-04 20:00,2190,2263,-165,65,-423,0,131
2025-12-04 21:00,2195,2274,-148,63,-823,0,131
2025-12-04 22:00,2179,2251,-63,70,-525,0,96
2025-12-04 23:00,2138,2226,214,62,-978,0,111
2025-12-05 00:00,2095,2185,407,54,-1024,0,109
2025-12-05 01:00,2090,2179,379,57,-1025,0,94
2025-12-05 02:00,2114,2204,389,51,-1025,0,92
2025-12-05 03:00,2148,2241,389,53,-1025,0,89
2025-12-05 04:00,2192,2284,324,57,-1025,0,116
2025-12-05 05:00,2248,2341,275,57,-1025,0,144
2025-12-05 06:00,2330,2424,108,57,-1025,0,140
2025-12-05 07:00,2480,2582,-387,67,-1025,0,176
2025-12-05 08:00,2618,2723,-397,79,-1025,0,176
2025-12-05 09:00,2657,2766,-396,88,-1025,0,180
2025-12-05 10:00,2611,2719,-342,84,-1025,0,184
2025-12-05 11:00,2542,2644,-53,69,-1025,0,185
2025-12-05 12:00,2484,2584,0,57,-1025,0,177
2025-12-05 13:00,2410,2507,2,59,-1025,0,173
2025-12-05 14:00,2352,2447,45,64,-1025,0,167
2025-12-05 15:00,2318,2412,44,70,-1025,0,167
2025-12-05 16:00,2330,2423,-12,80,-1025,28,169
2025-12-05 17:00,2435,2534,-167,96,-1025,0,179
2025-12-05 18:00,2513,2615,-296,101,-1025,0,183
2025-12-05 19:00,2492,2577,-367,102,-525,23,178
2025-12-05 20:00,2464,2563,-249,92,-1023,23,186
2025-12-05 21:00,2434,2527,-219,89,-836,23,201
2025-12-05 22:00,2397,2488,-72,86,-847,43,207
2025-12-05 23:00,2323,2418,1,78,-1024,0,195
2025-12-06 00:00,2252,2342,49,72,-1025,0,195
2025-12-06 01:00,2221,2308,73,70,-1025,0,180
2025-12-06 02:00,2205,2292,50,68,-1025,0,183
2025-12-06 03:00,2211,2299,50,69,-1025,0,189
2025-12-06 04:00,2240,2330,67,78,-1025,0,194
2025-12-06 05:00,2264,2357,28,87,-1025,0,203
2025-12-06 06:00,2311,2410,-143,88,-1025,0,230
2025-12-06 07:00,2385,2492,-265,88,-1039,29,261
2025-12-06 08:00,2474,2587,-397,99,-1025,48,270
2025-12-06 09:00,2539,2655,-400,110,-1037,14,287
2025-12-06 10:00,2545,2661,-400,107,-1037,14,287
2025-12-06 11:00,2501,2614,-400,98,-1039,15,285
2025-12-06 12:00,2441,2551,-400,85,-1025,2,287
2025-12-06 13:00,2356,2463,-399,77,-1025,49,285
2025-12-06 14:00,2296,2397,-358,70,-1025,29,277
2025-12-06 15:00,2264,2361,-243,83,-1025,0,266
2025-12-06 16:00,2261,2361,-217,92,-1039,1,269
2025-12-06 17:00,2310,2416,-371,91,-1025,73,283
2025-12-06 18:00,2338,2442,-378,91,-1025,80,279
2025-12-06 19:00,2286,2389,-246,94,-1025,95,283
2025-12-06 20:00,2227,2327,-106,92,-1025,74,283
2025-12-06 21:00,2171,2265,-29,95,-1025,30,276
2025-12-06 22:00,2109,2197,3,82,-1025,0,255
2025-12-06 23:00,2021,2100,84,84,-1025,0,245
2025-12-07 00:00,1955,2030,123,86,-1025,0,228
2025-12-07 01:00,1870,1944,119,84,-1025,0,205
2025-12-07 02:00,1825,1897,139,79,-1010,0,179
2025-12-07 03:00,1816,1889,107,78,-1010,0,180
2025-12-07 04:00,1820,1892,108,78,-1010,0,176
2025-12-07 05:00,1833,1905,83,66,-1024,0,185
2025-12-07 06:00,1858,1930,125,66,-1025,0,169
2025-12-07 07:00,1924,1997,134,48,-1025,0,173
2025-12-07 08:00,1996,2072,154,58,-1025,0,175
2025-12-07 09:00,2088,2169,154,67,-1025,0,186
2025-12-07 10:00,2065,2148,164,69,-1025,0,171
2025-12-07 11:00,2038,2120,155,61,-1025,0,198
2025-12-07 12:00,2001,2081,171,50,-1025,0,185
2025-12-07 13:00,1972,2051,186,44,-1025,0,180
2025-12-07 14:00,1938,2017,207,57,-1025,0,190
2025-12-07 15:00,1931,2009,201,80,-1025,0,180
2025-12-07 16:00,1983,2063,178,87,-1025,0,199
2025-12-07 17:00,2147,2233,73,94,-1025,1,230
2025-12-07 18:00,2259,2353,-71,96,-1025,73,231
2025-12-07 19:00,2261,2354,-74,98,-1025,74,247
2025-12-07 20:00,2265,2359,-74,99,-1025,74,235
2025-12-07 21:00,2245,2338,-74,97,-1025,74,225
2025-12-07 22:00,2170,2259,-35,95,-1025,73,232
2025-12-07 23:00,2083,2167,67,93,-1025,1,222
2025-12-08 00:00,2014,2095,83,87,-1025,0,216
2025-12-08 01:00,1958,2038,51,86,-1025,0,218
2025-12-08 02:00,1943,2021,19,95,-1025,0,226
2025-12-08 03:00,1954,2034,2,96,-1025,0,227
2025-12-08 04:00,1959,2041,2,96,-1025,0,236
2025-12-08 05:00,2001,2085,0,96,-1025,0,241
2025-12-08 06:00,2086,2171,-49,96,-1025,0,234
2025-12-08 07:00,2289,2377,-173,97,-1025,22,269
2025-12-08 08:00,2470,2571,-372,90,-1025,23,261
2025-12-08 09:00,2507,2613,-398,90,-1025,26,232
2025-12-08 10:00,2490,2596,-364,85,-1025,109,227
2025-12-08 11:00,2464,2568,-310,76,-1025,134,206
2025-12-08 12:00,2399,2498,-152,66,-1025,100,195
2025-12-08 13:00,2347,2442,-78,58,-1025,72,171
2025-12-08 14:00,2321,2405,-148,60,-878,3,143
2025-12-08 15:00,2304,2386,-149,81,-832,0,153
2025-12-08 16:00,2350,2434,-149,88,-830,0,171
2025-12-08 17:00,2492,2593,-153,91,-980,30,194
2025-12-08 18:00,2600,2708,-300,94,-1024,98,206
2025-12-08 19:00,2606,2713,-165,97,-1001,74,206
2025-12-08 20:00,2587,2691,-215,91,-956,30,195
2025-12-08 21:00,2546,2646,-135,89,-920,0,208
2025-12-08 22:00,2482,2573,-260,87,-692,0,184
2025-12-08 23:00,2400,2491,-107,85,-918,22,202
2025-12-09 00:00,2321,2407,-12,81,-920,22,166
2025-12-09 01:00,2274,2364,160,72,-1024,0,221
2025-12-09 02:00,2281,2372,232,50,-1025,0,134
2025-12-09 03:00,2294,2385,179,54,-1025,0,149
2025-12-09 04:00,2319,2410,107,53,-1025,0,158
2025-12-09 05:00,2367,2461,91,48,-1025,0,161
2025-12-09 06:00,2447,2544,-34,55,-1025,28,164
2025-12-09 07:00,2607,2713,-392,63,-1025,1,185
2025-12-09 08:00,2758,2873,-400,69,-982,1,199
2025-12-09 09:00,2745,2850,-400,75,-502,2,209
2025-12-09 10:00,2680,2782,-397,73,-774,3,213
2025-12-09 11:00,2584,2695,-295,66,-1024,87,203
2025-12-09 12:00,2494,2591,-391,60,-775,74,181
2025-12-09 13:00,2400,2501,-126,61,-1024,45,171
2025-12-09 14:00,2341,2438,-58,72,-1025,44,176
2025-12-09 15:00,2309,2404,-49,88,-1025,44,176
2025-12-09 16:00,2334,2426,-287,93,-922,44,184
2025-12-09 17:00,2490,2595,-397,102,-1024,2,219
2025-12-09 18:00,2590,2698,-400,106,-1025,2,222
2025-12-09 19:00,2574,2682,-400,105,-1035,11,222
2025-12-09 20:00,2577,2672,-400,101,-775,4,200
2025-12-09 21:00,2547,2654,-396,103,-1024,97,202
2025-12-09 22:00,2474,2578,-236,101,-1014,133,201
2025-12-09 23:00,2375,2467,-153,95,-952,74,186
2025-12-10 00:00,2286,2370,-228,95,-920,1,161
2025-12-10 01:00,2219,2301,-198,93,-942,0,155
2025-12-10 02:00,2209,2296,-54,79,-1014,0,172
2025-12-10 03:00,2202,2288,-122,74,-1014,0,175
2025-12-10 04:00,2193,2279,-149,69,-1000,0,184
2025-12-10 05:00,2208,2297,-150,69,-999,0,197
2025-12-10 06:00,2268,2360,-175,77,-999,0,214
2025-12-10 07:00,2417,2516,-225,84,-1014,1,237
2025-12-10 08:00,2543,2652,-373,92,-1025,50,267
2025-12-10 09:00,2506,2602,-377,102,-751,51,258
2025-12-10 10:00,2440,2530,-399,102,-774,29,220
2025-12-10 11:00,2366,2460,-377,98,-1024,0,226
2025-12-10 12:00,2278,2370,-399,101,-1025,0,206
2025-12-10 13:00,2181,2272,-399,99,-1025,0,194
2025-12-10 14:00,2142,2234,-389,99,-1025,0,214
2025-12-10 15:00,2163,2255,-397,98,-1025,0,223
2025-12-10 16:00,2244,2343,-285,101,-1025,0,233
2025-12-10 17:00,2336,2440,-397,105,-1025,0,274
2025-12-10 18:00,2376,2476,-400,106,-1025,0,270
2025-12-10 19:00,2329,2420,-397,98,-775,0,270
2025-12-10 20:00,2280,2378,-291,89,-1024,0,269
2025-12-10 21:00,2216,2314,-331,87,-1025,0,265
2025-12-10 22:00,2116,2201,-335,83,-991,0,266
2025-12-10 23:00,1994,2073,-209,83,-968,0,234
2025-12-11 00:00,1870,1947,-53,82,-968,0,166
2025-12-11 01:00,1779,1855,79,83,-965,0,113
2025-12-11 02:00,1729,1802,140,81,-989,0,93
2025-12-11 03:00,1697,1768,183,79,-970,0,90
2025-12-11 04:00,1680,1748,149,81,-999,0,66
2025-12-11 05:00,1696,1761,119,83,-999,0,53
2025-12-11 06:00,1759,1824,46,85,-999,0,74
2025-12-11 07:00,1887,1956,-122,91,-999,0,85
2025-12-11 08:00,2024,2100,-232,94,-1024,0,115
2025-12-11 09:00,2033,2113,-199,102,-1025,0,88
2025-12-11 10:00,1996,2074,-231,102,-1025,0,149
2025-12-11 11:00,1964,2042,-198,101,-1025,0,148
2025-12-11 12:00,1960,2033,-172,97,-1025,0,127
2025-12-11 13:00,1917,1988,-120,98,-1000,0,115
2025-12-11 14:00,1916,1989,-137,102,-999,0,89
2025-12-11 15:00,1918,1992,-150,102,-999,0,83
2025-12-11 16:00,1959,2036,-297,98,-999,0,99
2025-12-11 17:00,2041,2122,-395,103,-999,0,135
2025-12-11 18:00,2090,2174,-399,102,-999,0,170
2025-12-11 19:00,2095,2166,-399,98,-774,0,188
2025-12-11 20:00,2100,2175,-398,82,-999,0,186
2025-12-11 21:00,2079,2156,-395,80,-999,0,126
2025-12-11 22:00,2036,2116,-300,76,-999,0,113
2025-12-11 23:00,1978,2058,-104,72,-999,0,105
2025-12-12 00:00,1927,2006,-38,69,-990,0,115
2025-12-12 01:00,1897,1975,-35,67,-990,0,119
2025-12-12 02:00,1905,1984,-47,65,-980,0,122
2025-12-12 03:00,1922,2000,-49,58,-980,0,109
2025-12-12 04:00,1944,2024,-96,57,-980,0,76
2025-12-12 05:00,1998,2081,-134,57,-980,0,86
2025-12-12 06:00,2073,2158,-200,57,-999,0,90
2025-12-12 07:00,2251,2342,-393,60,-990,0,119
2025-12-12 08:00,2413,2515,-399,64,-1024,0,153
2025-12-12 09:00,2437,2526,-400,62,-775,0,162
2025-12-12 10:00,2396,2484,-399,69,-2,0,154
2025-12-12 11:00,2343,2439,-398,71,-1023,0,150
2025-12-12 12:00,2306,2402,-395,68,-1025,0,143
2025-12-12 13:00,2261,2357,-299,64,-1025,0,137
2025-12-12 14:00,2245,2343,-270,63,-1025,0,137
2025-12-12 15:00,2226,2321,-273,63,-1025,0,133
2025-12-12 16:00,2241,2336,-318,63,-1025,0,150
2025-12-12 17:00,2325,2425,-386,71,-1025,0,172
2025-12-12 18:00,2379,2481,-399,78,-1025,0,184
2025-12-12 19:00,2336,2436,-399,79,-1025,0,172
2025-12-12 20:00,2299,2396,-397,78,-1000,0,167
2025-12-12 21:00,2257,2351,-373,74,-999,0,153
2025-12-12 22:00,2192,2283,-264,74,-999,0,136
2025-12-12 23:00,2116,2204,-239,71,-999,0,123
2025-12-13 00:00,2039,2126,-126,64,-985,0,112
2025-12-13 01:00,1979,2063,-35,58,-984,0,108
2025-12-13 02:00,1946,2029,-6,51,-984,0,68
2025-12-13 03:00,1943,2025,-7,51,-984,0,68
2025-12-13 04:00,1952,2036,-67,52,-984,0,69
2025-12-13 05:00,1976,2061,-74,58,-984,0,110
2025-12-13 06:00,2002,2086,-112,57,-984,0,132
2025-12-13 07:00,2070,2157,-148,61,-999,0,150
2025-12-13 08:00,2164,2256,-229,65,-999,0,147
2025-12-13 09:00,2241,2336,-394,74,-999,0,150
2025-12-13 10:00,2236,2330,-399,81,-1024,0,167
2025-12-13 11:00,2186,2276,-399,80,-1025,0,163
2025-12-13 12:00,2127,2214,-398,82,-1000,0,173
2025-12-13 13:00,2074,2158,-398,81,-999,0,167
2025-12-13 14:00,2028,2109,-349,84,-999,0,155
2025-12-13 15:00,2022,2101,-345,86,-999,0,164
2025-12-13 16:00,2069,2151,-398,91,-999,0,187
2025-12-13 17:00,2187,2275,-398,100,-999,30,192
2025-12-13 18:00,2268,2363,-344,101,-999,97,221
2025-12-13 19:00,2256,2345,-245,102,-999,45,232
2025-12-13 20:00,2243,2329,-198,101,-999,1,217
2025-12-13 21:00,2231,2319,-201,96,-999,0,208
2025-12-13 22:00,2197,2287,-371,96,-999,0,204
2025-12-13 23:00,2140,2229,-399,89,-999,0,230
2025-12-14 00:00,2077,2164,-399,86,-999,0,227
2025-12-14 01:00,2019,2103,-391,90,-999,0,242
2025-12-14 02:00,1984,2066,-399,87,-999,0,243
2025-12-14 03:00,1979,2060,-398,88,-999,0,244
2025-12-14 04:00,1981,2062,-399,88,-999,0,237
2025-12-14 05:00,2000,2082,-392,85,-999,0,243
2025-12-14 06:00,2034,2117,-399,87,-999,0,244
2025-12-14 07:00,2108,2196,-370,88,-999,0,247
2025-12-14 08:00,2195,2285,-399,89,-999,0,257
2025-12-14 09:00,2281,2378,-400,97,-999,0,270
2025-12-14 10:00,2330,2433,-400,97,-999,0,274
2025-12-14 11:00,2308,2410,-400,96,-999,0,273
2025-12-14 12:00,2266,2366,-400,91,-1024,0,274
2025-12-14 13:00,2217,2313,-400,88,-1025,0,279
2025-12-14 14:00,2167,2260,-400,89,-1025,0,271
2025-12-14 15:00,2158,2249,-399,91,-1025,0,259
2025-12-14 16:00,2183,2275,-398,93,-1000,1,257
2025-12-14 17:00,2264,2362,-394,96,-999,73,276
2025-12-14 18:00,2322,2424,-145,102,-1024,88,279
2025-12-14 19:00,2295,2391,-149,103,-1025,45,260
2025-12-14 20:00,2272,2363,-150,98,-1000,0,234
2025-12-14 21:00,2204,2292,-197,86,-999,0,228
2025-12-14 22:00,2145,2230,-196,83,-999,0,176
2025-12-14 23:00,2052,2132,-124,94,-999,0,148
2025-12-15 00:00,1970,2046,-123,94,-999,0,156
2025-12-15 01:00,1913,1984,-76,83,-999,0,98
2025-12-15 02:00,1889,1959,44,82,-975,0,74
2025-12-15 03:00,1881,1951,73,81,-975,0,72
2025-12-15 04:00,1905,1974,130,83,-975,0,58
2025-12-15 05:00,1951,2020,131,83,-975,0,62
2025-12-15 06:00,2031,2106,122,86,-975,0,82
2025-12-15 07:00,2220,2306,-71,81,-999,0,110
2025-12-15 08:00,2386,2483,-194,79,-1024,0,129
2025-12-15 09:00,2428,2527,-148,84,-1025,0,132
2025-12-15 10:00,2415,2516,-100,84,-1025,0,135
2025-12-15 11:00,2404,2505,-42,81,-1025,0,137
2025-12-15 12:00,2389,2490,78,65,-1025,0,140
2025-12-15 13:00,2359,2461,150,61,-1025,0,144
2025-12-15 14:00,2337,2440,151,61,-1025,0,132
2025-12-15 15:00,2313,2414,133,63,-1025,0,147
2025-12-15 16:00,2329,2430,124,68,-1025,0,177
2025-12-15 17:00,2434,2539,170,80,-1025,0,183
2025-12-15 18:00,2505,2613,189,87,-1025,0,199
2025-12-15 19:00,2473,2580,133,89,-1025,0,206
2025-12-15 20:00,2449,2555,133,84,-1025,0,186
2025-12-15 21:00,2409,2515,150,83,-1025,0,194
2025-12-15 22:00,2343,2445,271,75,-1025,0,181
2025-12-15 23:00,2247,2343,275,68,-1025,0,161
2025-12-16 00:00,2155,2245,275,67,-1000,0,150
2025-12-16 01:00,2092,2178,259,64,-999,0,113
2025-12-16 02:00,2090,2167,229,59,-791,0,119
2025-12-16 03:00,2096,2168,142,59,-666,0,120
2025-12-16 04:00,2111,2185,218,61,-690,0,124
2025-12-16 05:00,2167,2244,211,63,-740,0,138
2025-12-16 06:00,2241,2326,218,64,-780,1,158
2025-12-16 07:00,2418,2519,127,73,-880,74,190
2025-12-16 08:00,2592,2712,58,77,-1024,142,215
2025-12-16 09:00,2603,2723,63,83,-1025,138,217
2025-12-16 10:00,2500,2611,54,76,-966,139,214
2025-12-16 11:00,2398,2498,98,74,-941,110,214
2025-12-16 12:00,2286,2380,130,73,-941,104,189
2025-12-16 13:00,2186,2275,181,75,-941,75,173
2025-12-16 14:00,2138,2222,170,76,-941,74,181
2025-12-16 15:00,2105,2186,159,76,-916,74,192
2025-12-16 16:00,2131,2216,169,77,-916,75,206
2025-12-16 17:00,2249,2344,127,88,-940,95,237
2025-12-16 18:00,2343,2445,59,97,-941,133,240
2025-12-16 19:00,2330,2428,81,101,-941,128,247
2025-12-16 20:00,2321,2419,148,97,-941,136,217
2025-12-16 21:00,2289,2377,209,89,-941,48,198
2025-12-16 22:00,2219,2304,228,83,-941,0,186
2025-12-16 23:00,2117,2196,226,75,-891,0,161
2025-12-17 00:00,2012,2088,248,68,-915,0,153
2025-12-17 01:00,1936,2009,263,64,-891,0,137
2025-12-17 02:00,1899,1977,550,62,-949,0,125
2025-12-17 03:00,1875,1954,554,62,-950,0,133
2025-12-17 04:00,1864,1943,555,61,-950,0,136
2025-12-17 05:00,1885,1962,526,62,-950,0,141
2025-12-17 06:00,1941,2019,553,63,-950,0,125
2025-12-17 07:00,2058,2140,579,69,-950,0,133
2025-12-17 08:00,2142,2232,645,71,-999,0,152
2025-12-17 09:00,2124,2211,654,75,-999,0,140
2025-12-17 10:00,2062,2147,630,77,-999,0,163
2025-12-17 11:00,2007,2088,547,81,-999,0,162
2025-12-17 12:00,1952,2030,540,76,-993,0,126
2025-12-17 13:00,1897,1973,541,76,-999,0,88
2025-12-17 14:00,1893,1968,625,80,-999,0,89
2025-12-17 15:00,1889,1964,703,77,-999,0,85
2025-12-17 16:00,1898,1974,619,79,-999,0,90
2025-12-17 17:00,1963,2041,529,83,-999,0,126
2025-12-17 18:00,1997,2078,537,88,-999,0,132
2025-12-17 19:00,1970,2049,580,87,-999,0,136
2025-12-17 20:00,1946,2025,573,77,-999,0,133
2025-12-17 21:00,1925,1998,556,71,-951,0,117
2025-12-17 22:00,1863,1925,364,74,-691,0,101
2025-12-17 23:00,1793,1859,566,66,-856,0,85
2025-12-18 00:00,1700,1757,451,61,-604,0,81
2025-12-18 01:00,1640,1690,284,57,-352,0,72
2025-12-18 02:00,1618,1666,280,49,-302,0,70
2025-12-18 03:00,1630,1676,277,48,-316,0,39
2025-12-18 04:00,1649,1696,294,48,-332,0,38
2025-12-18 05:00,1695,1744,303,49,-391,0,37
2025-12-18 06:00,1790,1842,306,51,-510,0,38
2025-12-18 07:00,1979,2045,345,63,-779,0,71
2025-12-18 08:00,2153,2229,260,79,-885,1,133
2025-12-18 09:00,2176,2254,147,90,-850,73,145
2025-12-18 10:00,2093,2168,121,75,-825,74,139
2025-12-18 11:00,2007,2078,100,73,-795,74,122
2025-12-18 12:00,1949,2019,67,67,-811,74,137
2025-12-18 13:00,1889,1955,60,61,-727,74,150
2025-12-18 14:00,1856,1920,32,68,-702,74,142
2025-12-18 15:00,1825,1890,2,77,-677,74,170
2025-12-18 16:00,1868,1937,2,84,-824,67,184
2025-12-18 17:00,1961,2034,110,83,-825,74,220
2025-12-18 18:00,2050,2139,87,78,-999,74,231
2025-12-18 19:00,2051,2141,179,65,-999,74,210
2025-12-18 20:00,2033,2122,206,68,-999,74,191
2025-12-18 21:00,1984,2066,352,66,-952,35,142
2025-12-18 22:00,1905,1977,348,63,-802,0,127
2025-12-18 23:00,1800,1863,351,50,-672,0,103
2025-12-19 00:00,1698,1752,350,49,-527,0,83
2025-12-19 01:00,1631,1679,260,49,-412,0,51
2025-12-19 02:00,1595,1642,261,51,-352,0,42
2025-12-19 03:00,1555,1601,262,51,-252,0,37
2025-12-19 04:00,1529,1575,259,50,-202,0,43
2025-12-19 05:00,1543,1588,267,50,-202,0,43
2025-12-19 06:00,1572,1619,301,51,-251,0,70
2025-12-19 07:00,1691,1741,361,50,-506,0,96
2025-12-19 08:00,1811,1871,358,54,-679,0,118
2025-12-19 09:00,1816,1877,359,50,-715,0,107
2025-12-19 10:00,1788,1847,316,52,-640,0,103
2025-12-19 11:00,1774,1831,284,51,-640,0,80
2025-12-19 12:00,1760,1815,331,45,-602,0,62
2025-12-19 13:00,1722,1773,331,44,-452,0,54
2025-12-19 14:00,1713,1765,307,53,-452,0,59
2025-12-19 15:00,1692,1743,269,52,-452,0,51
2025-12-19 16:00,1690,1741,272,49,-476,0,54
2025-12-19 17:00,1723,1776,286,54,-501,0,77
2025-12-19 18:00,1718,1771,292,58,-527,0,101
2025-12-19 19:00,1684,1730,298,68,-576,0,83
2025-12-19 20:00,1631,1676,301,66,-527,0,74
2025-12-19 21:00,1551,1591,249,68,-433,0,70
2025-12-19 22:00,1465,1503,286,59,-327,0,46
2025-12-19 23:00,1388,1425,313,40,-138,0,21
2025-12-20 00:00,1346,1383,269,39,-74,0,55
2025-12-20 01:00,1304,1341,221,39,-33,0,45
2025-12-20 02:00,1307,1340,310,33,-126,0,32
2025-12-20 03:00,1321,1353,336,33,-151,0,38
2025-12-20 04:00,1349,1382,345,33,-152,0,43
2025-12-20 05:00,1386,1421,347,32,-201,0,55
2025-12-20 06:00,1445,1482,370,32,-301,0,51
2025-12-20 07:00,1477,1514,368,41,-436,0,71
2025-12-20 08:00,1587,1624,293,48,-551,0,78
2025-12-20 09:00,1730,1773,290,54,-626,0,99
2025-12-20 10:00,1804,1850,290,49,-640,0,106
2025-12-20 11:00,1911,1966,371,43,-640,0,130
2025-12-20 12:00,1871,1929,378,29,-640,0,133
2025-12-20 13:00,1821,1876,347,15,-602,14,138
2025-12-20 14:00,1772,1822,337,11,-577,29,124
2025-12-20 15:00,1809,1859,303,15,-592,44,107
2025-12-20 16:00,1831,1883,249,19,-712,44,131
2025-12-20 17:00,1949,2010,286,45,-815,46,160
2025-12-20 18:00,2054,2126,301,57,-940,118,182
2025-12-20 19:00,2052,2125,269,67,-916,119,175
2025-12-20 20:00,2030,2098,224,69,-866,119,173
2025-12-20 21:00,2018,2085,180,66,-890,119,167
2025-12-20 22:00,1969,2037,145,66,-826,119,180
2025-12-20 23:00,1898,1963,110,67,-741,74,195
2025-12-21 00:00,1817,1874,62,67,-602,1,207
2025-12-21 01:00,1748,1798,114,44,-537,0,223
2025-12-21 02:00,1705,1754,212,36,-512,0,214
2025-12-21 03:00,1679,1727,225,35,-502,0,207
2025-12-21 04:00,1667,1712,245,32,-507,0,169
2025-12-21 05:00,1666,1708,311,32,-517,0,150
2025-12-21 06:00,1683,1724,346,34,-551,0,119
2025-12-21 07:00,1725,1766,350,38,-527,0,89
2025-12-21 08:00,1787,1829,358,36,-502,0,120
2025-12-21 09:00,1855,1902,350,42,-526,0,134
2025-12-21 10:00,1907,1956,335,45,-576,0,140
2025-12-21 11:00,1917,1967,296,48,-640,0,156
2025-12-21 12:00,1897,1948,287,45,-640,0,147
2025-12-21 13:00,1856,1906,221,43,-592,29,160
2025-12-21 14:00,1800,1847,199,33,-552,29,154
2025-12-21 15:00,1753,1799,201,33,-566,0,152
2025-12-21 16:00,1774,1822,192,34,-640,0,195
2025-12-21 17:00,1870,1925,203,40,-665,0,177
2025-12-21 18:00,1943,2001,206,38,-690,0,220
2025-12-21 19:00,1939,1996,237,41,-691,0,218
2025-12-21 20:00,1938,1995,277,43,-691,0,162
2025-12-21 21:00,1927,1980,295,41,-666,0,139
2025-12-21 22:00,1899,1949,341,40,-640,0,118
2025-12-21 23:00,1839,1885,345,35,-602,0,92
2025-12-22 00:00,1771,1814,339,32,-502,0,90
2025-12-22 01:00,1735,1777,322,36,-477,0,73
2025-12-22 02:00,1737,1778,360,28,-502,0,56
2025-12-22 03:00,1769,1810,508,20,-613,0,40
2025-12-22 04:00,1803,1846,349,23,-527,0,41
2025-12-22 05:00,1864,1909,356,21,-601,0,48
2025-12-22 06:00,1964,2025,557,23,-1000,0,60
2025-12-22 07:00,2126,2190,381,32,-929,0,72
2025-12-22 08:00,2276,2352,356,38,-1024,0,96
2025-12-22 09:00,2349,2432,346,48,-1025,0,118
2025-12-22 10:00,2358,2442,342,49,-1006,0,141
2025-12-22 11:00,2368,2452,313,50,-956,0,132
2025-12-22 12:00,2359,2443,302,43,-956,0,131
2025-12-22 13:00,2336,2419,294,49,-956,0,126
2025-12-22 14:00,2336,2418,297,48,-941,0,106
2025-12-22 15:00,2303,2389,290,48,-995,0,122
2025-12-22 16:00,2322,2409,290,53,-1024,1,133
2025-12-22 17:00,2409,2504,218,59,-1025,73,170
2025-12-22 18:00,2475,2574,223,68,-1025,98,188
2025-12-22 19:00,2473,2568,231,77,-991,89,177
2025-12-22 20:00,2463,2557,223,73,-1024,75,171
2025-12-22 21:00,2430,2516,230,78,-841,59,171
2025-12-22 22:00,2382,2465,254,69,-865,30,160
2025-12-22 23:00,2306,2385,272,58,-880,0,152
2025-12-23 00:00,2215,2289,268,53,-816,0,132
2025-12-23 01:00,2165,2237,248,55,-885,0,135
2025-12-23 02:00,2150,2224,254,55,-930,0,132
2025-12-23 03:00,2174,2247,260,55,-945,0,126
2025-12-23 04:00,2196,2271,245,57,-965,0,120
2025-12-23 05:00,2239,2311,215,60,-866,0,135
2025-12-23 06:00,2309,2381,219,63,-766,0,145
2025-12-23 07:00,2461,2540,224,67,-790,0,155
2025-12-23 08:00,2605,2695,216,59,-890,0,174
2025-12-23 09:00,2662,2757,197,60,-866,0,189
2025-12-23 10:00,2624,2716,182,66,-841,0,197
2025-12-23 11:00,2565,2658,108,69,-924,0,199
2025-12-23 12:00,2500,2598,97,68,-1024,1,197
2025-12-23 13:00,2424,2520,2,62,-1016,63,214
2025-12-23 14:00,2354,2445,0,60,-941,38,219
2025-12-23 15:00,2307,2399,0,66,-965,71,226
2025-12-23 16:00,2322,2416,0,66,-1005,5,260
2025-12-23 17:00,2443,2550,1,72,-1024,73,277
2025-12-23 18:00,2527,2637,2,84,-996,72,276
2025-12-23 19:00,2526,2628,1,86,-896,6,274
2025-12-23 20:00,2525,2625,-36,84,-841,11,273
2025-12-23 21:00,2505,2610,-2,81,-955,0,285
2025-12-23 22:00,2461,2564,1,81,-995,0,280
2025-12-23 23:00,2386,2484,2,81,-991,0,276
2025-12-24 00:00,2298,2391,2,75,-966,0,270
2025-12-24 01:00,2248,2336,3,57,-876,0,266
2025-12-24 02:00,2225,2316,57,51,-1024,0,264
2025-12-24 03:00,2207,2298,44,48,-1025,0,269
2025-12-24 04:00,2203,2293,56,45,-1025,0,266
2025-12-24 05:00,2213,2306,76,37,-1025,0,264
2025-12-24 06:00,2249,2341,59,46,-1025,0,270
2025-12-24 07:00,2354,2451,68,52,-1025,1,279
2025-12-24 08:00,2448,2555,66,67,-1025,73,283
2025-12-24 09:00,2461,2572,69,72,-1025,74,282
2025-12-24 10:00,2484,2598,97,73,-1025,73,278
2025-12-24 11:00,2471,2579,139,72,-1025,1,277
2025-12-24 12:00,2439,2541,85,73,-1025,0,283
2025-12-24 13:00,2406,2504,50,68,-1025,0,287
2025-12-24 14:00,2364,2460,50,66,-1025,0,276
2025-12-24 15:00,2305,2398,49,62,-1025,0,273
2025-12-24 16:00,2305,2400,25,59,-1025,44,266
2025-12-24 17:00,2320,2417,0,61,-1025,70,275
2025-12-24 18:00,2316,2408,0,72,-941,58,268
2025-12-24 19:00,2234,2320,0,74,-891,72,252
2025-12-24 20:00,2210,2294,27,73,-841,117,227
2025-12-24 21:00,2191,2272,76,73,-841,76,231
2025-12-24 22:00,2176,2255,79,72,-880,74,223
2025-12-24 23:00,2139,2213,80,66,-826,74,215
2025-12-25 00:00,2105,2175,88,60,-826,49,205
2025-12-25 01:00,2071,2138,81,58,-816,1,195
2025-12-25 02:00,2052,2120,134,59,-840,0,193
2025-12-25 03:00,2047,2116,142,54,-826,0,192
2025-12-25 04:00,2057,2127,196,53,-865,0,193
2025-12-25 05:00,2075,2147,228,47,-890,0,197
2025-12-25 06:00,2110,2186,253,46,-915,0,207
2025-12-25 07:00,2174,2249,98,48,-806,0,214
2025-12-25 08:00,2249,2327,20,46,-741,0,231
2025-12-25 09:00,2303,2385,17,48,-706,0,240
2025-12-25 10:00,2340,2426,4,60,-715,0,248
2025-12-25 11:00,2359,2451,4,61,-890,0,258
2025-12-25 12:00,2337,2435,15,61,-1015,0,262
2025-12-25 13:00,2296,2392,8,64,-1025,0,264
2025-12-25 14:00,2258,2349,8,62,-991,0,257
2025-12-25 15:00,2225,2316,14,60,-991,20,261
2025-12-25 16:00,2218,2310,12,56,-966,74,249
2025-12-25 17:00,2233,2323,16,46,-891,99,264
2025-12-25 18:00,2211,2293,55,47,-766,98,263
2025-12-25 19:00,2173,2246,102,40,-640,50,234
2025-12-25 20:00,2174,2243,177,27,-690,1,187
2025-12-25 21:00,2168,2235,253,33,-740,0,143
2025-12-25 22:00,2143,2208,310,31,-740,0,141
2025-12-25 23:00,2090,2152,350,29,-755,0,142
2025-12-26 00:00,2040,2102,407,26,-755,0,76
2025-12-26 01:00,2008,2067,417,30,-741,0,55
2025-12-26 02:00,1992,2049,440,30,-716,0,43
2025-12-26 03:00,2004,2062,425,29,-725,0,38
2025-12-26 04:00,2025,2085,355,27,-755,0,52
2025-12-26 05:00,2059,2123,362,31,-825,0,47
2025-12-26 06:00,2120,2185,308,42,-791,0,54
2025-12-26 07:00,2207,2270,287,40,-691,0,61
2025-12-26 08:00,2290,2358,266,51,-740,0,79
2025-12-26 09:00,2378,2449,249,57,-716,0,85
2025-12-26 10:00,2411,2486,276,59,-740,0,90
2025-12-26 11:00,2385,2459,283,52,-716,0,104
2025-12-26 12:00,2362,2439,305,45,-815,0,110
2025-12-26 13:00,2314,2387,304,39,-815,0,111
2025-12-26 14:00,2274,2350,287,33,-950,0,119
2025-12-26 15:00,2248,2323,241,31,-941,0,111
2025-12-26 16:00,2249,2321,230,36,-866,0,120
2025-12-26 17:00,2346,2423,225,54,-816,0,139
2025-12-26 18:00,2431,2513,207,63,-756,0,151
2025-12-26 19:00,2417,2499,173,64,-741,0,152
2025-12-26 20:00,2418,2499,176,60,-740,0,138
2025-12-26 21:00,2426,2505,193,62,-740,0,156
2025-12-26 22:00,2396,2474,198,66,-865,0,150
2025-12-26 23:00,2338,2416,242,66,-940,0,127
2025-12-27 00:00,2289,2367,243,66,-990,0,118
2025-12-27 01:00,2262,2338,248,63,-991,0,94
2025-12-27 02:00,2233,2306,254,66,-941,0,84
2025-12-27 03:00,2235,2308,216,67,-941,0,76
2025-12-27 04:00,2246,2319,249,67,-941,0,80
2025-12-27 05:00,2272,2351,264,66,-990,0,85
2025-12-27 06:00,2302,2379,291,67,-991,0,86
2025-12-27 07:00,2355,2431,243,69,-891,0,88
2025-12-27 08:00,2435,2512,214,69,-841,0,109
2025-12-27 09:00,2531,2614,233,76,-841,0,124
2025-12-27 10:00,2552,2637,207,73,-841,0,113
2025-12-27 11:00,2511,2596,207,66,-841,0,124
2025-12-27 12:00,2438,2520,183,64,-880,0,124
2025-12-27 13:00,2340,2417,203,59,-866,0,124
2025-12-27 14:00,2258,2330,223,53,-816,0,117
2025-12-27 15:00,2214,2284,251,55,-826,0,114
2025-12-27 16:00,2229,2300,218,61,-766,0,126
2025-12-27 17:00,2338,2414,221,69,-790,0,146
2025-12-27 18:00,2417,2498,221,73,-726,0,149
2025-12-27 19:00,2405,2484,224,73,-691,0,135
2025-12-27 20:00,2386,2463,261,60,-691,0,127
2025-12-27 21:00,2377,2454,297,56,-790,0,114
2025-12-27 22:00,2344,2422,339,55,-890,0,113
2025-12-27 23:00,2291,2371,354,49,-965,0,95
2025-12-28 00:00,2241,2322,367,49,-1005,0,89
2025-12-28 01:00,2204,2286,358,47,-1010,0,86
2025-12-28 02:00,2180,2261,364,48,-991,0,79
2025-12-28 03:00,2172,2253,366,46,-991,0,76
2025-12-28 04:00,2182,2266,375,47,-1015,0,84
2025-12-28 05:00,2199,2284,379,47,-1025,0,89
2025-12-28 06:00,2236,2320,380,47,-1025,0,92
2025-12-28 07:00,2296,2376,381,46,-916,0,109
2025-12-28 08:00,2363,2443,381,45,-866,0,115
2025-12-28 09:00,2417,2495,365,46,-766,0,124
2025-12-28 10:00,2390,2467,364,47,-741,0,133
2025-12-28 11:00,2316,2393,363,44,-815,0,117
2025-12-28 12:00,2242,2319,362,34,-890,0,115
2025-12-28 13:00,2166,2239,398,35,-866,0,96
2025-12-28 14:00,2084,2152,402,26,-791,0,82
2025-12-28 15:00,2033,2098,471,28,-766,0,72
2025-12-28 16:00,2048,2114,447,37,-741,0,85
2025-12-28 17:00,2149,2219,433,50,-765,0,96
2025-12-28 18:00,2248,2320,362,61,-640,0,127
2025-12-28 19:00,2246,2318,375,64,-640,0,118
2025-12-28 20:00,2229,2300,409,62,-640,0,109
2025-12-28 21:00,2197,2265,361,64,-665,0,118
2025-12-28 22:00,2146,2214,344,62,-740,0,115
2025-12-28 23:00,2065,2134,289,60,-815,0,113
2025-12-29 00:00,1991,2058,284,63,-791,0,124
2025-12-29 01:00,1946,2012,207,63,-766,0,167
2025-12-29 02:00,1938,2004,199,74,-741,0,170
2025-12-29 03:00,1943,2011,117,76,-755,0,194
2025-12-29 04:00,1959,2029,86,75,-790,0,210
2025-12-29 05:00,1999,2074,59,76,-840,0,233
2025-12-29 06:00,2056,2139,44,78,-940,0,251
2025-12-29 07:00,2187,2276,23,84,-941,0,274
2025-12-29 08:00,2290,2387,0,86,-891,15,284
2025-12-29 09:00,2335,2435,0,83,-791,17,287
2025-12-29 10:00,2358,2458,28,69,-716,44,287
2025-12-29 11:00,2347,2448,45,62,-790,44,288
2025-12-29 12:00,2329,2427,54,56,-940,1,287
2025-12-29 13:00,2296,2392,71,54,-916,34,283
2025-12-29 14:00,2265,2357,48,54,-921,35,283
2025-12-29 15:00,2227,2316,60,55,-918,35,266
2025-12-29 16:00,2205,2293,121,66,-891,34,242
2025-12-29 17:00,2241,2327,210,69,-866,0,244
2025-12-29 18:00,2231,2309,233,78,-640,0,226
2025-12-29 19:00,2157,2232,201,81,-640,0,218
2025-12-29 20:00,2103,2175,227,78,-640,0,207
2025-12-29 21:00,2032,2099,230,74,-665,0,160
2025-12-29 22:00,1957,2021,251,70,-740,0,137
2025-12-29 23:00,1882,1942,316,65,-716,0,116
2025-12-30 00:00,1788,1840,303,69,-666,0,86
2025-12-30 01:00,1705,1755,356,68,-640,0,86
2025-12-30 02:00,1669,1711,201,62,-252,0,32
2025-12-30 03:00,1621,1662,247,61,-251,0,46
2025-12-30 04:00,1615,1654,255,60,-251,0,38
2025-12-30 05:00,1634,1675,260,60,-351,0,65
2025-12-30 06:00,1665,1705,278,62,-451,0,87
2025-12-30 07:00,1766,1812,244,62,-476,0,98
2025-12-30 08:00,1873,1920,230,63,-402,0,109
2025-12-30 09:00,1936,1986,213,69,-416,0,138
2025-12-30 10:00,1990,2042,240,63,-402,0,73
2025-12-30 11:00,2043,2099,262,63,-476,-1,75
2025-12-30 12:00,2088,2149,327,65,-626,-64,65
2025-12-30 13:00,2119,2181,360,66,-655,-65,77
2025-12-30 14:00,2139,2203,390,68,-665,-65,82
2025-12-30 15:00,2148,2214,360,68,-715,-65,81
2025-12-30 16:00,2189,2261,378,76,-825,-65,90
2025-12-30 17:00,2284,2359,381,81,-816,-65,107
2025-12-30 18:00,2354,2428,394,82,-691,-57,129
2025-12-30 19:00,2343,2415,424,85,-691,-86,125
2025-12-30 20:00,2327,2399,433,85,-691,-87,124
2025-12-30 21:00,2316,2388,402,85,-725,-87,116
2025-12-30 22:00,2279,2353,415,88,-815,-87,113
2025-12-30 23:00,2219,2291,390,83,-815,-87,106
2025-12-31 00:00,2161,2232,392,78,-826,-86,92
2025-12-31 01:00,2119,2188,338,78,-806,-51,103
2025-12-31 02:00,2110,2176,261,63,-716,-1,97
2025-12-31 03:00,2125,2190,259,62,-691,0,101
2025-12-31 04:00,2148,2216,248,68,-735,0,105
2025-12-31 05:00,2196,2266,248,68,-736,0,106
2025-12-31 06:00,2253,2328,247,70,-775,0,115
2025-12-31 07:00,2384,2464,247,78,-790,0,129
2025-12-31 08:00,2503,2593,245,80,-880,0,174
2025-12-31 09:00,2557,2650,201,86,-806,44,180
2025-12-31 10:00,2545,2633,203,86,-716,44,183
2025-12-31 11:00,2476,2561,248,89,-790,0,155
2025-12-31 12:00,2425,2512,248,86,-890,0,145
2025-12-31 13:00,2359,2447,234,85,-995,0,136
2025-12-31 14:00,2311,2397,208,85,-991,0,180
2025-12-31 15:00,2283,2366,168,70,-961,0,192
2025-12-31 16:00,2302,2389,121,74,-965,44,192
2025-12-31 17:00,2392,2486,80,81,-916,89,219
2025-12-31 18:00,2455,2552,68,87,-716,89,240
2025-12-31 19:00,2425,2520,66,87,-716,88,244
2025-12-31 20:00,2384,2474,108,87,-640,30,238
2025-12-31 21:00,2332,2419,127,87,-715,0,240
2025-12-31 22:00,2293,2378,81,88,-740,0,252
2025-12-31 23:00,2248,2333,17,87,-740,44,241